Username, Email, Password
ILikeCats,cats5@gmail.com,110785Me
ILikeCats,cats5@gmail.com,110785Me
ILikeCats,cats5@gmail.com,110785Me
ILikeCats5,cats@gmail.com,1107855
ILikeCats5,cats@gmail.com,1107855
ILikeCats5,cats@gmail.com,1107855
ILikeCats5,cats@gmail.com,1107855
ILikeCats5,cats@gmail.com,1107855
ILikeCats5,cats@gmail.com,1107855
ILikeCats5,cats@gmail.com,1107855
ILikeCats5,cats@gmail.com,1107855
ILikeCats5,cats@gmail.com,1107855
ILikeCats5,cats@gmail.com,1107855
ILikeCats5,cats@gmail.com,1107855
ILikeCats5,cats@gmail.com,1107855
ILikeCats5,cats@gmail.com,1107855
ILikeCats5,cats@gmail.com,1107855
